﻿<?xml version="1.0" encoding="utf-8" ?>

<Formulas xmlns="">
    <Formula Name="gan's OLL01" Enabled="True" Image="images\image_OLL_001.bmp" Script="(R U'U') (R2' F R F') U2 (R' F R F')" PreScript="" PostScript="" Demo="" />
    <Formula Name="gan's OLL02" Image="images\image_OLL_002.bmp" Script="(F R U R' U' F') (f R U R' U' f')" Demo="" />
    <Formula Name="gan's OLL03" Image="images\image_OLL_003.bmp" Script="f(R U R' U')f' U' F(R U R' U')F'" Demo="" />
    <Formula Name="gan's OLL04" Image="images\image_OLL_004.bmp" Script="f(R U R' U')y x(R’ F)(R U R' U')F'" PostScript="y'" Demo="" />
    <Formula Name="gan's OLL05" Image="images\image_OLL_005.bmp" Script="(r' U2)(R U R'U) r" Demo="" />
    <Formula Name="gan's OLL06" Image="images\image_OLL_006.bmp" Script="(r U'U')(R' U' R U' r')" Demo="" />
    <Formula Name="gan's OLL07" Image="images\image_OLL_007.bmp" Script="r UR' U RU'U' r'" Demo="" />
    <Formula Name="gan's OLL08" Image="images\image_OLL_008.bmp" Script="r' U' RU' R' U2 r" Demo="" />
    <Formula Name="gan's OLL09" Image="images\image_OLL_009.bmp" Script="(R' U' R) y' x' (R U')(R'F)(R U R')" PostScript="xy" Demo="" />
    <Formula Name="gan's OLL10" Image="images\image_OLL_010.bmp" Script="(R U R'U)(R'F R F')(RU'U'R')" Demo="" />


    <Formula Name="gan's OLL11" Image="images\image_OLL_011.bmp" Script="r'(R2 U R' U)(R U'U' R' U)(r R')" Demo="" />
    <Formula Name="gan's OLL12" Image="images\image_OLL_012.bmp" Script="L2 l U' z (U R'U') (R2 U R') z' r R'" Demo="" />
    <Formula Name="gan's OLL13" Image="images\image_OLL_013.bmp" Script="(r U' r'U')(r U r') (F' U F)" Demo="" />
    <Formula Name="gan's OLL14" Image="images\image_OLL_014.bmp" Script="R' F R U R' F'R (F U' F')" Demo="" />
    <Formula Name="gan's OLL15" Image="images\image_OLL_015.bmp" Script="(r' U' r)(R'U'R U)(r' U r)" Demo="" />
    <Formula Name="gan's OLL16" Image="images\image_OLL_016.bmp" Script="R B R' L U L' U' R B' R'" Demo="" />
    <Formula Name="gan's OLL17" Image="images\image_OLL_017.bmp" Script="(R U R' U) (R' F R F'U2) R' F R F'" Demo="" />
    <Formula Name="gan's OLL18" Image="images\image_OLL_018.bmp" Script="F (R U R' d)(R' U2)(R' F R F')" PostScript="y" Demo="" />
    <Formula Name="gan's OLL19" Image="images\image_OLL_019.bmp" Script="R' U2 F R U R'U' y'R2 U'U' R B" PostScript="y" Demo="" />
    <Formula Name="gan's OLL20" Image="images\image_OLL_020.bmp" Script="r'(R U)(R U R'U' r2)(R2'U) (R U') r'" Demo="" />

    <Formula Name="gan's OLL21" Image="images\image_OLL_021.bmp" Script="(R U'U')(R' U' R U R' U') (R U' R')" Demo="" />
    <Formula Name="gan's OLL22" Image="images\image_OLL_022.bmp" Script="R U'U' (R'2 U')(R2 U')R'2 U' U'R" Demo="" />
    <Formula Name="gan's OLL23" Image="images\image_OLL_023.bmp" Script="(R2 D) (R' U2) (R D') (R' U2 R')" Demo="" />
    <Formula Name="gan's OLL24" Image="images\image_OLL_024.bmp" Script="x' R U R' (D R) U' R' D'" PostScript="x" Demo="" />
    <Formula Name="gan's OLL25" Image="images\image_OLL_025.bmp" Script="F'(r U R' U')(r' F R)" Demo="" />
    <Formula Name="gan's OLL26" Image="images\image_OLL_026.bmp" Script="R U' U' R' U'R U' R'" Demo="" />
    <Formula Name="gan's OLL27" Image="images\image_OLL_027.bmp" Script="R' U2 R U R' U R" Demo="" />
    <Formula Name="gan's OLL28" Image="images\image_OLL_028.bmp" Script="(r U R' U')(r' R U)(R U' R')" Demo="" />
    <Formula Name="gan's OLL29" Image="images\image_OLL_029.bmp" Script="(R2 U' R) F (R' U) (R2 U') (R' F' R)" Demo="" />
    <Formula Name="gan's OLL30" Image="images\image_OLL_030.bmp" Script="(R2 U R' B')(RU')(R2' U)(R B R')" Demo="" />

    <Formula Name="gan's OLL31" Image="images\image_OLL_031.bmp" Script="(r' F' U F) (L F' L' U' r)" Demo="" />
    <Formula Name="gan's OLL32" Image="images\image_OLL_032.bmp" Script="(R U)(B' U')(R' U R B R')" Demo="" />
    <Formula Name="gan's OLL33" Image="images\image_OLL_033.bmp" Script="(R U R' U')(R' F R F')" Demo="" />
    <Formula Name="gan's OLL34" Image="images\image_OLL_034.bmp" Script="(R'U'R U)y(r U R' U')r' R" PostScript="y'" Demo="" />
    <Formula Name="gan's OLL35" Image="images\image_OLL_035.bmp" Script="R U'U'R2' F R F'(R U'U'R')" Demo="" />
    <Formula Name="gan's OLL36" Image="images\image_OLL_036.bmp" Script="R'U'R U'R'U R Ul U'R'U" PostScript="x" Demo="" />
    <Formula Name="gan's OLL37" Image="images\image_OLL_037.bmp" Script="F (R U' R'U'R U) (R' F')" Demo="" />
    <Formula Name="gan's OLL38" Image="images\image_OLL_038.bmp" Script="(R U R'U)(RU'R'U')(R'F R F')" Demo="" />
    <Formula Name="gan's OLL39" Image="images\image_OLL_039.bmp" Script="(L F'L' U'L U) (F U' L')" Demo="" />
    <Formula Name="gan's OLL40" Image="images\image_OLL_040.bmp" Script="(R' F R U R'U') (F' U R)" Demo="" />


    <Formula Name="gan's OLL41" Image="images\image_OLL_041.bmp" Script="R U' R' U2 R U y R U' R' U' F'" PostScript="y'" Demo="" />
    <Formula Name="gan's OLL42" Image="images\image_OLL_042.bmp" Script="(R'U R U'U'R'U')(F'U)(F U R)" Demo="" />
    <Formula Name="gan's OLL43" Image="images\image_OLL_043.bmp" Script="(B' U')(R' U R B)" Demo="" />
    <Formula Name="gan's OLL44" Image="images\image_OLL_044.bmp" Script="f (R U R' U')f'" Demo="" />
    <Formula Name="gan's OLL45" Image="images\image_OLL_045.bmp" Script="F (R U R' U') F'" Demo="" />
    <Formula Name="gan's OLL46" Image="images\image_OLL_046.bmp" Script="(R' U') R' F R F'(U R)" Demo="" />
    <Formula Name="gan's OLL47" Image="images\image_OLL_047.bmp" Script="B'(R' U' R U)2 B" Demo="" />
    <Formula Name="gan's OLL48" Image="images\image_OLL_048.bmp" Script="F (R U R' U')2 F'" Demo="" />
    <Formula Name="gan's OLL49" Image="images\image_OLL_049.bmp" Script="R B'(R2 F)(R2 B) R2 F' R" Demo="" />
    <Formula Name="gan's OLL50" Image="images\image_OLL_050.bmp" Script="L'B (L2 F')(L2B')L2 F L'" Demo="" />


    <Formula Name="gan's OLL51" Image="images\image_OLL_051.bmp" Script="f (R U R' U')2 f'" Demo="" />
    <Formula Name="gan's OLL52" Image="images\image_OLL_052.bmp" Script="R'U' R U' R' dR' U l U" PostScript="xy" Demo="" />
    <Formula Name="gan's OLL53" Image="images\image_OLL_053.bmp" Script="(r' U2)(R U R'U')(R U R'U) r " Demo="" />
    <Formula Name="gan's OLL54" Image="images\image_OLL_054.bmp" Script="(r U'U')(R' U' R U R' U')(R U' r')" Demo="" />
    <Formula Name="gan's OLL55" Image="images\image_OLL_055.bmp" Script="(R U'U') (R'2 U') R U' R'U2(F R F')" Demo="" />
    <Formula Name="gan's OLL56" Image="images\image_OLL_056.bmp" Script="F (R U R'U')(R F')(r U R'U')r'" Demo="" />
    <Formula Name="gan's OLL57" Image="images\image_OLL_057.bmp" Script="(R U R' U' r)(R' U)(R U' r')" Demo="" />

    <Formula Name="gan's PLL01" Image="images\image_PLL_001.bmp" Script="(R U' R)(U R U R)(U' R' U' R2)" Demo="" />
    <Formula Name="gan's PLL02" Image="images\image_PLL_002.bmp" Script="(R2' U)(R U R' U')(R' U')(R' U R')" Demo="" />
    <Formula Name="gan's PLL03" Image="images\image_PLL_003.bmp" Script="L2(l'2 U)L2(l'2 U2)L2(l'2 U)L2 l2" Demo="" />
    <Formula Name="gan's PLL04" Image="images\image_PLL_004.bmp" Script="(U R'U')(R U'R)(U R U')(R'U R U)(R2 U')(R'U)" Demo="" />
    <Formula Name="gan's PLL05" Image="images\image_PLL_005.bmp" Script="x' R2 D2(R' U' R)D2(R' U R')" PostScript="x" Demo="" />
    <Formula Name="gan's PLL06" Image="images\image_PLL_006.bmp" Script="(l U' R)D2(R' U R)D2 R2" PostScript="x" Demo="" />
    <Formula Name="gan's PLL07" Image="images\image_PLL_007.bmp" Script="x'(R U' R' D)(R U R')u2'(R' U R)D(R' U' R)" PostScript="x'y2" Demo="" />
    <Formula Name="gan's PLL08" Image="images\image_PLL_008.bmp" Script="(R U R' U')(R' F)(R2 U' R' U')(R U R' F')" Demo="" />
    <Formula Name="gan's PLL09" Image="images\image_PLL_009.bmp" Script="U'(R'U R U' R'2 b')x(R'U R)y'(R U R' U' R2)" PostScript="x'" Demo="" />
    <Formula Name="gan's PLL10" Image="images\image_PLL_010.bmp" Script="(R' U R' U') yx2 (R' U R' U'R2) xz'(R'U'R U R)" PostScript="x" Demo="" />
    <Formula Name="gan's PLL11" Image="images\image_PLL_011.bmp" Script="F(R U'R' U')(R U R' F')(R U R' U')(R' F R F')" Demo="" />
    <Formula Name="gan's PLL12" Image="images\image_PLL_012.bmp" Script="z(U' R D')(R2 U R' U' R2 U)z'(R U')" Demo="" />
    <Formula Name="gan's PLL13" Image="images\image_PLL_013.bmp" Script="(R U R'F')(R U R'U')(R'F R2 U'R'U')" Demo="" />
    <Formula Name="gan's PLL14" Image="images\image_PLL_014.bmp" Script="(R' U2)(R U'U')(R' F R U R' U')(R'F' R2 U')" Demo="" />
    <Formula Name="gan's PLL15" Image="images\image_PLL_015.bmp" Script="(R U'U')(R' U2)(R B' R' U')(R U R B R2' U)" Demo="" />
    <Formula Name="gan's PLL16" Image="images\image_PLL_016.bmp" Script="(R2' u' R U' R)(U R' u)(R2 f R' f')" Demo="" />
    <Formula Name="gan's PLL17" Image="images\image_PLL_017.bmp" Script="(R U R')y'(R2' u' R U')(R' U R' u R2)" PostScript="y" Demo="" />
    <Formula Name="gan's PLL18" Image="images\image_PLL_018.bmp" Script="(R2 u)(R' U R' U')(R u') (R2' F' U F)" Demo="" />
    <Formula Name="gan's PLL19" Image="images\image_PLL_019.bmp" Script="(R' d' F)(R2 u)(R' U)(R U' R u' R2)" PostScript="y'" Demo="" />
    <Formula Name="gan's PLL20" Image="images\image_PLL_020.bmp" Script="z(R' U R')z'(R U2 L' U R') z(U R')z'(R U2 L' U R')" Demo="" />
    <Formula Name="gan's PLL21" Image="images\image_PLL_021.bmp" Script="z(U'R D')(R2 U R'U')z'(R U R') z(R2 U R')z'(R U')" Demo="" />
</Formulas>